date,actual_return,actual_close,pred_return,pred_close,ci_lower_80,ci_upper_80,direction_prob,direction_pred,direction_actual,residual_std
2024-03-12,0.031619384224554015,24.958999633789062,0.0017124610021710396,24.2354,23.7031,24.7678,0.5397,up,up,0.017169
2024-03-13,-0.00340554852837871,24.874000549316406,0.00050164177082479,24.9715,24.4225,25.5206,0.5117,up,down,0.017165
2024-03-14,0.013106062813527108,25.200000762939453,-0.0010530510917305946,24.8478,24.3015,25.3941,0.4755,down,up,0.017137
2024-03-15,-0.004325442713012606,25.090999603271484,-0.00044876537867821753,25.1887,24.6351,25.7423,0.4896,down,down,0.017142
2024-03-18,-0.005061532157954685,24.964000701904297,-0.000621637562289834,25.0754,24.5246,25.6262,0.4855,down,down,0.017128
2024-03-19,-0.001241793641142519,24.933000564575195,-0.001132336212322116,24.9357,24.3886,25.4828,0.4736,down,down,0.0171
2024-03-20,-0.003369014233626122,24.849000930786133,-0.0001959669461939484,24.9281,24.3811,25.4751,0.4954,down,down,0.017118
2024-03-21,-0.006318221637909627,24.691999435424805,-0.001371640944853425,24.8149,24.2709,25.3589,0.468,down,down,0.017082
2024-03-22,0.002146501094300035,24.7450008392334,-0.0008907489245757461,24.67,24.13,25.21,0.4792,down,up,0.017065
2024-03-25,-0.01058803914778017,24.482999801635742,-0.0013734714593738317,24.711,24.1703,25.2517,0.4679,down,down,0.017051
2024-03-26,0.00579995096657937,24.625,-0.0013536172918975353,24.4499,23.9151,24.9846,0.4683,down,up,0.017043
2024-03-27,0.006984807513086944,24.797000885009766,-0.0010506678372621536,24.5991,24.0617,25.1365,0.4754,down,up,0.017029
2024-03-28,0.0063313942174194615,24.95400047302246,-0.0013647670857608318,24.7632,24.2228,25.3035,0.468,down,up,0.017004
2024-04-01,0.03406268996382589,25.804000854492188,-0.0009248168207705021,24.9309,24.3868,25.475,0.4783,down,up,0.017013
2024-04-02,0.044217904299650446,26.94499969482422,-0.0011895464267581701,25.7733,25.2089,26.3378,0.4722,down,up,0.017068
2024-04-03,0.0072369529423923495,27.139999389648438,-0.00024380398099310696,26.9384,26.3455,27.5313,0.4943,down,up,0.017169
2024-04-04,0.00957996443363962,27.399999618530273,-0.0004365170025266707,27.1282,26.531,27.7253,0.4899,down,up,0.017167
2024-04-05,0.011386871496421591,27.711999893188477,-0.0005689274985343218,27.3844,26.7831,27.9857,0.4867,down,up,0.017124
2024-04-08,0.006459326471641047,27.891000747680664,-0.000381386635126546,27.7014,27.0931,28.3098,0.4911,down,up,0.017129
2024-04-09,0.002509759167750092,27.961000442504883,-0.00027278141351416707,27.8834,27.2714,28.4954,0.4936,down,up,0.017122
2024-04-10,0.007689286834710707,28.176000595092773,-0.0004913891316391528,27.9473,27.3335,28.561,0.4886,down,up,0.017127
2024-04-11,0.002803753691273947,28.2549991607666,-0.00019676520605571568,28.1705,27.5526,28.7884,0.4954,down,up,0.017111
2024-04-12,0.0140152157214406,28.650999069213867,-0.0004762984171975404,28.2415,27.6222,28.8608,0.4889,down,up,0.017102
2024-04-15,-0.011622571169416895,28.31800079345703,0.00014881962852086872,28.6553,28.0269,29.2836,0.5035,up,down,0.017112
2024-04-16,0.0009887660549878774,28.34600067138672,-0.000509201898239553,28.3036,27.6834,28.9237,0.4881,down,up,0.017088
2024-04-17,-0.0005997388683270932,28.32900047302246,-0.0001491387956775725,28.3418,27.7212,28.9624,0.4965,down,down,0.017083
2024-04-18,0.016908471303422212,28.808000564575195,-0.0006320312386378646,28.3111,27.6917,28.9304,0.4852,down,up,0.017059
2024-04-19,-0.05536660613178679,27.21299934387207,0.00019088495173491538,28.8135,28.1838,29.4432,0.5045,up,down,0.017057
2024-04-22,0.004336164089319583,27.33099937438965,-0.00011761327914427966,27.2098,26.6095,27.8101,0.4973,down,up,0.017212
2024-04-23,-0.0002561183140994405,27.323999404907227,0.0004467508988454938,27.3432,26.7416,27.9449,0.5104,up,down,0.017177
2024-04-24,0.0006587486985751845,27.341999053955078,9.374249202664942e-06,27.3243,26.7228,27.9257,0.5002,up,up,0.017175
2024-04-25,-0.0036939446875853266,27.240999221801758,0.0007669866899959743,27.363,26.7621,27.9639,0.5178,up,down,0.017148
2024-04-26,0.004845636109294338,27.37299919128418,-0.00012171646085334942,27.2377,26.6388,27.8366,0.4972,down,up,0.017154
2024-04-29,-0.03587471130734532,26.391000747680664,0.00067468686029315,27.3915,26.7907,27.9922,0.5157,up,down,0.017125
2024-04-30,0.003713370845268793,26.48900032043457,-0.0003541108453646302,26.3817,25.8012,26.9621,0.4918,down,up,0.017163
2024-05-01,0.003548637605564231,26.58300018310547,-0.00033413831260986626,26.4801,25.8973,27.063,0.4922,down,up,0.017168
2024-05-02,-0.0051913059974680875,26.44499969482422,-1.3039592886343598e-05,26.5827,25.9991,27.1662,0.4997,down,down,0.017129
2024-05-03,0.034940434752880556,27.368999481201172,-4.284270107746124e-05,26.4439,25.864,27.0238,0.499,down,up,0.01711
2024-05-06,-0.002411486937494489,27.30299949645996,-0.0003808935871347785,27.3586,26.7564,27.9607,0.4911,down,down,0.017167
2024-05-07,0.00212432940134355,27.361000061035156,5.598550706054084e-05,27.3045,26.7045,27.9046,0.5013,up,up,0.017148
2024-05-08,0.0281787912257363,28.131999969482422,-7.361133611993864e-05,27.359,26.7582,27.9597,0.4983,down,up,0.017132
2024-05-09,0.005083166827917651,28.274999618530273,0.0005556970136240125,28.1476,27.5302,28.7651,0.5129,up,up,0.017127
2024-05-10,-0.0019097771130708319,28.22100067138672,-0.00022281869314610958,28.2687,27.6483,28.8891,0.4948,down,down,0.01712
2024-05-13,0.00935473344970772,28.485000610351562,0.0005313749425113201,28.236,27.6175,28.8545,0.5124,up,up,0.0171
2024-05-14,0.03612425159082977,29.513999938964844,-0.00015827547758817673,28.4805,27.8563,29.1047,0.4963,down,up,0.017099
2024-05-15,0.005116249131760231,29.665000915527344,0.0014067392330616713,29.5555,28.9071,30.204,0.5327,up,up,0.017143
2024-05-16,0.04658688443724435,31.047000885009766,0.0008543847361579537,29.6903,29.0391,30.3416,0.5199,up,up,0.017129
2024-05-17,0.03729831909799808,32.20500183105469,0.0015994516434147954,31.0967,30.4121,31.7812,0.537,up,up,0.017205
2024-05-20,-0.010464268945084898,31.868000030517578,0.0016410856042057276,32.2579,31.5455,32.9702,0.5379,up,down,0.017259
2024-05-21,-0.017980417775665725,31.295000076293945,0.0015446408651769161,31.9172,31.2127,32.6217,0.5357,up,down,0.017249
2024-05-22,-0.03230546979072435,30.284000396728516,0.00015493883984163404,31.2998,30.6079,31.9918,0.5036,up,down,0.017253
2024-05-23,0.0015189382636022764,30.329999923706055,-0.0006219143979251385,30.2652,29.5945,30.9359,0.4856,down,up,0.017281
2024-05-24,0.05410487147406973,31.97100067138672,0.0002451937471050769,30.3374,29.6659,31.009,0.5057,up,up,0.017277
2024-05-28,0.007256527438352922,32.202999114990234,0.00029563705902546644,31.9805,31.2671,32.6938,0.5068,up,up,0.017409
2024-05-29,-0.02530815914998452,31.38800048828125,0.0001931022561620921,32.2092,31.4912,32.9273,0.5044,up,down,0.017398
2024-05-30,-0.03475849325537028,30.297000885009766,-0.00034988796687684953,31.377,30.677,32.077,0.492,down,down,0.017401
2024-05-31,0.01135425463320705,30.641000747680664,-0.0010439999168738723,30.2654,29.5896,30.9411,0.4761,down,up,0.017404
2024-06-03,-0.03762931528980695,29.488000869750977,-0.00048471649643033743,30.6261,29.9426,31.3097,0.4889,down,down,0.017407
2024-06-04,0.015599534417557903,29.947999954223633,-0.001148148556239903,29.4541,28.7952,30.1131,0.4738,down,up,0.017437
2024-06-05,0.0433751765848307,31.246999740600586,-0.0005953030195087194,29.9302,29.2604,30.5999,0.4864,down,up,0.01745
2024-06-06,-0.061189895734008126,29.334999084472656,0.000539567437954247,31.2639,30.5631,31.9646,0.5123,up,down,0.017498
2024-06-07,0.014794614924277028,29.768999099731445,-0.00018820175318978727,29.3295,28.6666,29.9923,0.4957,down,up,0.017631
2024-06-10,-0.021364496583668013,29.132999420166016,-0.0009137144079431891,29.7418,29.0695,30.4141,0.4793,down,down,0.017622
2024-06-11,0.03580136600026118,30.176000595092773,-0.0007117927889339626,29.1123,28.4537,29.7708,0.4839,down,up,0.017637
2024-06-12,-0.039302783688554,28.989999771118164,0.0005314525333233178,30.192,29.5085,30.8756,0.512,up,down,0.017674
2024-06-13,0.014211819916549073,29.402000427246094,1.3184086128603667e-05,28.9904,28.3323,29.6485,0.5003,up,up,0.017713
2024-06-14,-0.002618858009242331,29.325000762939453,-0.0009876432595774531,29.373,28.7053,30.0406,0.4778,down,down,0.017719
2024-06-17,0.006138052622137735,29.5049991607666,0.0005027012666687369,29.3397,28.6747,30.0048,0.5113,up,up,0.017695
2024-06-18,0.0430774426232603,30.775999069213867,-0.0010254086228087544,29.4747,28.8062,30.1433,0.4769,down,up,0.017679
2024-06-20,-0.039088872867611646,29.572999954223633,-0.00036963203456252813,30.7646,30.064,31.4653,0.4917,down,down,0.017764
2024-06-21,-0.0028404163905957347,29.48900032043457,0.00025957333855330944,29.5807,28.906,30.2553,0.5058,up,down,0.017801
2024-06-24,-0.022109953547468586,28.836999893188477,-0.0013274572556838393,29.4499,28.7772,30.1225,0.4703,down,down,0.017797
2024-06-25,0.0024968097862720917,28.909000396728516,-0.0013419949682429433,28.7983,28.1411,29.4555,0.4699,down,up,0.017783
2024-06-26,0.00031128267066016235,28.917999267578125,-0.002622412983328104,28.8332,28.1747,29.4917,0.4414,down,up,0.017773
2024-06-27,0.011031200367249472,29.23699951171875,-0.0017518746899440885,28.8673,28.2092,29.5255,0.4607,down,up,0.017758
2024-06-28,0.0021547944862312374,29.299999237060547,-0.00225205160677433,29.1712,28.5062,29.8361,0.4495,down,up,0.017747
2024-07-01,0.0018089216787948725,29.35300064086914,-0.0013081146171316504,29.2617,28.5959,29.9275,0.4706,down,up,0.017731
2024-07-02,0.040711329974230326,30.54800033569336,-0.0006655447650700808,29.3335,28.6668,30.0002,0.485,down,up,0.017723
2024-07-03,0.027497713217136566,31.38800048828125,0.0006272344617173076,30.5672,29.8718,31.2625,0.5141,up,up,0.017762
2024-07-05,-0.024531682355846574,30.618000030517578,0.0015767416916787624,31.4375,30.7229,32.1521,0.5354,up,down,0.017763
2024-07-08,0.0050296991462468466,30.77199935913086,0.0013281728606671095,30.6587,29.9606,31.3567,0.5298,up,up,0.017788
2024-07-09,-0.0014623708966311488,30.726999282836914,0.0012093904661014676,30.8092,30.1082,31.5103,0.5271,up,down,0.017776
2024-07-10,0.02170728780753728,31.393999099731445,0.0016555829206481576,30.7779,30.0779,31.4778,0.5371,up,up,0.017774
2024-07-11,-0.016181417937619846,30.88599967956543,-1.0796604328788817e-05,31.3937,30.6785,32.1089,0.4998,down,down,0.017776
2024-07-12,-0.006928666605447442,30.672000885009766,0.0010857675224542618,30.9195,30.2168,31.6222,0.5244,up,down,0.017752
2024-07-15,0.017051343072634673,31.19499969482422,0.0006722459220327437,30.6926,29.9949,31.3904,0.5151,up,up,0.01775
2024-07-16,-0.033915710047297654,30.136999130249023,0.0007426364463753998,31.2182,30.5086,31.9278,0.5167,up,down,0.017749
2024-07-17,-0.004711759468881471,29.9950008392334,0.0005760624771937728,30.1544,29.4685,30.8402,0.5129,up,down,0.017757
2024-07-18,-0.030238422069819415,29.08799934387207,-0.0018741701496765018,29.9388,29.2564,30.6212,0.458,down,down,0.017751
2024-07-19,0.0012376652315870817,29.124000549316406,-0.0008480354445055127,29.0633,28.4014,29.7253,0.481,down,up,0.017756
2024-07-22,0.00027466762859273963,29.131999969482422,1.9269362383056432e-05,29.1246,28.4628,29.7863,0.5004,up,up,0.017729
2024-07-23,-0.0005492498866341844,29.115999221801758,-0.0016546807019039989,29.0838,28.4223,29.7453,0.4628,down,down,0.017718
2024-07-24,-0.0449581003656101,27.80699920654297,-0.001221386482939124,29.0804,28.4193,29.7416,0.4725,down,down,0.017718
2024-07-25,0.001906045431760317,27.860000610351562,-0.0004879760672338307,27.7934,27.16,28.4268,0.489,down,up,0.017774
2024-07-26,-0.005635373005088651,27.702999114990234,-0.0010012973798438907,27.8321,27.1985,28.4658,0.4775,down,down,0.017747
2024-07-29,0.023896353365210787,28.364999771118164,-0.0006632167496718466,27.6846,27.054,28.3152,0.4851,down,up,0.017762
2024-07-30,0.014560201309504306,28.777999877929688,-0.0012391089694574475,28.3299,27.6846,28.9751,0.4722,down,up,0.017749
2024-07-31,-0.015532716152481862,28.33099937438965,0.0012936911080032587,28.8152,28.1598,29.4706,0.529,up,down,0.01777
2024-08-01,-0.0030002148300314335,28.246000289916992,-0.0006134716095402837,28.3136,27.6679,28.9594,0.4862,down,down,0.017785
2024-08-02,-0.04142179651225175,27.076000213623047,0.000940623227506876,28.2726,27.6298,28.9153,0.5211,up,down,0.017755
2024-08-05,0.0007386784460730045,27.09600067138672,-0.0008158882264979184,27.0539,26.4353,27.6725,0.4817,down,up,0.017826
2024-08-06,-0.009816974501390519,26.829999923706055,-0.00013226966257207096,27.0924,26.4745,27.7103,0.497,down,down,0.017793
2024-08-07,0.024972049131537943,27.5,-0.0004318776191212237,26.8184,26.2067,27.4302,0.4903,down,up,0.017791
2024-08-08,-0.00047274502840910504,27.48699951171875,-0.0004102432285435498,27.4887,26.8605,28.1169,0.4908,down,down,0.017824
2024-08-09,0.015643770248275235,27.91699981689453,-0.0013097942573949695,27.451,26.8243,28.0777,0.4707,down,up,0.01779
2024-08-12,-0.007952148279771976,27.69499969482422,-0.0003234173636883497,27.908,27.2709,28.545,0.4928,down,down,0.017806
2024-08-13,-0.015923451511127062,27.253999710083008,0.0020587719045579433,27.752,27.121,28.383,0.5461,up,down,0.017778
2024-08-14,0.03992072192873586,28.341999053955078,0.0008521564886905253,27.2772,26.6555,27.8989,0.5191,up,up,0.017799
2024-08-15,0.015383559329904317,28.777999877929688,0.0005918445531278849,28.3588,27.7119,29.0057,0.5133,up,up,0.017809
2024-08-16,0.016053926442010757,29.239999771118164,0.0008362948428839445,28.8021,28.1464,29.4577,0.5188,up,up,0.017778
2024-08-19,0.0073529464524912935,29.454999923706055,0.001791028887964785,29.2924,28.6259,29.9588,0.5401,up,up,0.017785
2024-08-20,0.0007129488542407802,29.47599983215332,0.0006269190344028175,29.4735,28.8023,30.1446,0.5141,up,up,0.017779
2024-08-21,-0.015945152531918638,29.006000518798828,0.0018071957165375352,29.5293,28.8584,30.2001,0.5405,up,down,0.017758
2024-08-22,0.026890945505960273,29.785999298095703,0.0017095141811296344,29.0556,28.3948,29.7164,0.5383,up,up,0.017777
2024-08-23,0.006412408152894233,29.976999282836914,0.0009054964757524431,29.813,29.1346,30.4913,0.5203,up,up,0.017769
2024-08-26,-0.0008673005916490784,29.951000213623047,-0.0003976523003075272,29.9651,29.2827,30.6474,0.4911,down,down,0.017761
2024-08-27,-0.02587558388710398,29.176000595092773,0.0003812764771282673,29.9624,29.2809,30.6439,0.5086,up,down,0.017754
2024-08-28,0.013058630507235325,29.55699920654297,-0.0020284897182136774,29.1168,28.4528,29.7808,0.4545,down,up,0.017758
2024-08-29,-0.02794594608547285,28.731000900268555,-0.0009028216591104865,29.5303,28.8579,30.2027,0.4797,down,down,0.017751
2024-08-30,-0.027148399366699993,27.951000213623047,0.0010934651363641024,28.7624,28.1085,29.4163,0.5246,up,down,0.017758
2024-09-03,0.007727795127925541,28.16699981689453,-0.001390150049701333,27.9121,27.2758,28.5485,0.4688,down,up,0.017763
2024-09-04,0.01963288600329638,28.719999313354492,-0.0010085292160511017,28.1386,27.4978,28.7794,0.4773,down,up,0.017752
2024-09-05,-0.03175483184483319,27.808000564575195,0.0007109036669135094,28.7404,28.088,29.3929,0.516,up,down,0.017726
2024-09-06,0.017369094930580475,28.291000366210938,0.0003425550530664623,27.8175,27.1831,28.452,0.5077,up,up,0.017802
2024-09-09,-0.0012018096316284144,28.256999969482422,0.0011334652081131935,28.3231,27.6779,28.9683,0.5254,up,down,0.017795
2024-09-10,0.010829166443353966,28.562999725341797,0.0009985000360757113,28.2852,27.6404,28.9301,0.5224,up,up,0.017807
2024-09-11,0.04131219817675014,29.743000030517578,0.002266109921038151,28.6277,27.9767,29.2788,0.5507,up,up,0.017786
2024-09-12,0.03214199554210251,30.698999404907227,0.0019029856193810701,29.7996,29.1213,30.4779,0.5426,up,up,0.017794
2024-09-13,0.0023453697167905574,30.770999908447266,0.00011729232937796041,30.7026,30.0021,31.4031,0.5026,up,up,0.017803
2024-09-16,-0.00493972986572877,30.618999481201172,-0.0010828060330823064,30.7377,30.0357,31.4397,0.4757,down,down,0.017801
2024-09-17,-0.00907932599497141,30.340999603271484,-0.0007542521925643086,30.5959,29.898,31.2938,0.4831,down,down,0.017785
2024-09-18,0.02481791204131012,31.0939998626709,4.041303327539936e-05,30.3422,29.6512,31.0333,0.5009,up,up,0.017771
2024-09-19,0.002637188293048043,31.176000595092773,0.00012940098531544209,31.098,30.3904,31.8056,0.5029,up,up,0.017757
2024-09-20,-0.013119078423192376,30.767000198364258,-0.0018502114107832313,31.1183,30.4089,31.8277,0.4585,down,down,0.017755
2024-09-23,0.04368316228445157,32.111000061035156,0.0004956908524036407,30.7823,30.0834,31.4811,0.5112,up,up,0.017722
2024-09-24,-0.012861639501308364,31.697999954223633,0.0014392336597666144,32.1572,31.4252,32.8892,0.5322,up,down,0.017788
2024-09-25,0.010316157868872189,32.025001525878906,0.00134701665956527,31.7407,31.0183,32.4631,0.5302,up,up,0.017783
2024-09-26,-0.015800231133121678,31.518999099731445,0.0011060493998229504,32.0604,31.3317,32.7892,0.5248,up,down,0.017755
2024-09-27,-0.011263033483806084,31.163999557495117,0.0006184969679452479,31.5385,30.8206,32.2563,0.5139,up,down,0.017771
2024-09-30,0.009016818807569216,31.44499969482422,0.000742834119591862,31.1871,30.4777,31.8966,0.5167,up,up,0.017762
2024-10-01,0.005819703175424573,31.628000259399414,-0.0025894036516547203,31.3636,30.6482,32.079,0.442,down,up,0.017751
2024-10-02,0.017737413431924365,32.18899917602539,-0.0011659874580800533,31.5911,30.8716,32.3107,0.4738,down,up,0.017751
2024-10-03,-0.0018950829642458977,32.12799835205078,-0.002841736190021038,32.0975,31.3648,32.8303,0.4364,down,down,0.017762
2024-10-04,-0.011920988933720289,31.7450008392334,0.0004297788254916668,32.1418,31.4108,32.8728,0.5097,up,down,0.017753
2024-10-07,-0.04378646275791487,30.354999542236328,-0.0013101781951263547,31.7034,30.9815,32.4253,0.4706,down,down,0.017743
2024-10-08,0.002306035113814442,30.424999237060547,0.0010254019871354103,30.3861,29.6924,31.0798,0.5229,up,up,0.017832
2024-10-09,0.01906326830731886,31.0049991607666,0.0004914033925160766,30.44,29.7457,31.1342,0.511,up,up,0.017804
2024-10-10,0.01661026643886343,31.520000457763672,-0.0011061492841690779,30.9707,30.2645,31.6769,0.4752,down,up,0.017773
2024-10-11,-0.013864221710395475,31.08300018310547,3.997012390755117e-05,31.5213,30.8027,32.2398,0.5009,up,down,0.017788
2024-10-14,0.01428434325917971,31.527000427246094,-0.00041509262518957257,31.0701,30.3615,31.7787,0.4907,down,up,0.017789
2024-10-15,0.0073904842984802155,31.760000228881836,-0.0026304880157113075,31.4441,30.7255,32.1626,0.4412,down,up,0.017783
2024-10-16,-0.005887917925395669,31.572999954223633,-0.0010073021985590458,31.728,31.0036,32.4525,0.4774,down,down,0.017798
2024-10-17,0.04621041849849683,33.03200149536133,-0.003479341510683298,31.4631,30.7443,32.182,0.4224,down,up,0.017766
2024-10-18,0.025339003025819817,33.86899948120117,-0.0005254859570413828,33.0146,32.2585,33.7708,0.4883,down,up,0.017861
2024-10-21,0.02840360847007206,34.83100128173828,-0.000811857869848609,33.8415,33.0654,34.6176,0.4819,down,up,0.01788
2024-10-22,-0.03419373110913926,33.63999938964844,5.920618059462868e-05,34.8331,34.0353,35.6309,0.5013,up,down,0.017872
2024-10-23,-0.0008620490231698863,33.611000061035156,3.8971185858827084e-05,33.6413,32.8697,34.4129,0.5009,up,down,0.017897
2024-10-24,-0.00023800006401142326,33.60300064086914,-0.00045420497190207243,33.5957,32.8243,34.3671,0.4899,down,down,0.017908
2024-10-25,0.006755384514960827,33.83000183105469,-0.0014019194059073925,33.5559,32.7859,34.3259,0.4688,down,up,0.017879
2024-10-28,0.012976622886919476,34.26900100708008,-0.0004778594011440873,33.8138,33.0391,34.5886,0.4893,down,up,0.017869
2024-10-29,-0.010359203122465854,33.91400146484375,-0.0016447542002424598,34.2126,33.4278,34.9974,0.4633,down,down,0.017869
2024-10-30,-0.037182329788516766,32.65299987792969,-0.001460445229895413,33.8645,33.088,34.6409,0.4674,down,down,0.017865
2024-10-31,-0.0033993832557535075,32.54199981689453,-0.00048621950554661453,32.6371,31.8892,33.385,0.4891,down,down,0.017871
2024-11-01,-0.0019052386149303047,32.47999954223633,0.001261847442947328,32.5831,31.8384,33.3277,0.5282,up,down,0.017855
2024-11-04,0.005387907620903132,32.654998779296875,0.0013282684376463294,32.5231,31.7801,33.2662,0.5297,up,up,0.017851
2024-11-05,-0.043913586327227305,31.22100067138672,0.002658430254086852,32.7418,31.9947,33.489,0.5592,up,down,0.017853
2024-11-06,0.017424128200999034,31.764999389648438,0.0011645914055407047,31.2574,30.5417,31.973,0.526,up,up,0.017886
2024-11-07,-0.01278136770439886,31.358999252319336,0.0015001306310296059,31.8127,31.0846,32.5407,0.5334,up,down,0.017884
2024-11-08,-0.026116851823051013,30.540000915527344,0.0017542982241138816,31.414,30.6949,32.1331,0.5391,up,down,0.017892
2024-11-11,0.004780612445006049,30.68600082397461,0.0003485990746412426,30.5506,29.8505,31.2508,0.5078,up,up,0.017889
2024-11-12,-0.0031284842862845386,30.59000015258789,-0.000609755574259907,30.6673,29.964,31.3706,0.4864,down,down,0.017883
2024-11-13,-0.0026806385097365437,30.507999420166016,0.0010186692234128714,30.6212,29.9204,31.3219,0.5227,up,down,0.017875
2024-11-14,-0.00449059698612897,30.371000289916992,1.6421516193076968e-05,30.5085,29.8104,31.2066,0.5004,up,down,0.017854
2024-11-15,0.026077501871331954,31.163000106811523,0.0003157069149892777,30.3806,29.6864,31.0747,0.5071,up,up,0.017834
2024-11-18,0.0014440225953762376,31.20800018310547,0.0003146902017761022,31.1728,30.46,31.8856,0.507,up,up,0.017848
2024-11-19,-0.008074878468253832,30.95599937438965,0.001857834286056459,31.266,30.5523,31.9797,0.5415,up,down,0.017844
2024-11-20,-0.0014213308938789693,30.91200065612793,0.000704937381669879,30.9778,30.2708,31.6848,0.5158,up,down,0.017821
2024-11-21,0.012842887898042221,31.30900001525879,0.0007325194892473519,30.9346,30.2291,31.6402,0.5164,up,up,0.017809
2024-11-22,-0.03510175764957435,30.209999084472656,0.0010582819813862443,31.3421,30.6282,32.056,0.5237,up,down,0.017792
2024-11-25,0.005892135359252038,30.38800048828125,0.0015413371147587895,30.2566,29.5656,30.9476,0.5344,up,up,0.017847
2024-11-26,-0.009115454218612262,30.111000061035156,0.0012888049241155386,30.4272,29.7335,31.1208,0.5288,up,down,0.017811
2024-11-27,0.019062781167803244,30.684999465942383,0.0010623589623719454,30.143,29.4558,30.8302,0.5238,up,up,0.017808
2024-11-29,-0.007691056383986372,30.448999404907227,0.0003945483476854861,30.6971,29.9966,31.3976,0.5088,up,down,0.017813
2024-12-02,0.020624659978094595,31.07699966430664,0.0020303113851696253,30.5108,29.8159,31.2057,0.5454,up,up,0.017807
2024-12-03,0.01377222708379855,31.5049991607666,0.0009660438518039882,31.107,30.3981,31.816,0.5216,up,up,0.017801
2024-12-04,-0.011775857560738068,31.134000778198242,0.0026403532829135656,31.5882,30.8696,32.3068,0.559,up,down,0.017797
2024-12-05,0.00167020121014394,31.18600082397461,0.0028364043682813644,31.2223,30.5122,31.9324,0.5633,up,up,0.017795
2024-12-06,0.03302760059266885,32.215999603271484,0.0001465672830818221,31.1906,30.4796,31.9016,0.5033,up,up,0.017789
2024-12-09,0.004562930250220587,32.362998962402344,0.0012659492203965783,32.2568,31.5223,32.9912,0.5284,up,up,0.017788
2024-12-10,0.006149038056919576,32.5620002746582,0.00010784585902001709,32.3665,31.6294,33.1036,0.5024,up,up,0.017771
2024-12-11,-0.0409679879164937,31.22800064086914,-2.441672040731646e-05,32.5612,31.8195,33.3029,0.4995,down,down,0.017774
2024-12-12,-0.01834891579558018,30.655000686645508,0.000349103327607736,31.2389,30.5263,31.9515,0.5078,up,down,0.017805
2024-12-13,0.0013700804421390433,30.69700050354004,-1.4566830941475928e-06,30.655,29.9554,31.3545,0.5,down,up,0.017805
2024-12-16,-0.004039500514133487,30.572999954223633,0.0005576119292527437,30.7141,30.0134,31.4148,0.5125,up,down,0.01781
2024-12-17,-0.005331505153422289,30.40999984741211,0.0012272052699699998,30.6105,29.9128,31.3083,0.5275,up,down,0.017807
2024-12-18,-0.04327523812379108,29.0939998626709,0.0010681042913347483,30.4425,29.7486,31.1363,0.5239,up,down,0.017803
2024-12-19,0.01945418256041931,29.65999984741211,0.0016060328343883157,29.1407,28.4759,29.8055,0.5359,up,up,0.017829
2024-12-20,0.007687142348014264,29.88800048828125,0.0009271765011362731,29.6875,29.0104,30.3646,0.5208,up,up,0.017814
2024-12-23,0.002877423752003949,29.974000930786133,0.002594243735074997,29.9655,29.2841,30.647,0.558,up,up,0.01779
2024-12-24,0.002435442448680769,30.047000885009766,0.0015931378584355116,30.0218,29.3387,30.7048,0.5357,up,up,0.017781
2024-12-26,-0.013046233794329343,29.655000686645508,7.280235877260566e-05,30.0492,29.3653,30.733,0.5016,up,down,0.017758
2024-12-27,-0.018512890698538564,29.106000900268555,0.001014235313050449,29.6851,29.0102,30.36,0.5228,up,down,0.017758
2024-12-30,-0.005703303823144101,28.940000534057617,-0.0001093979662982747,29.1028,28.4397,29.7659,0.4975,down,down,0.017777
2024-12-31,0.023565970765631716,29.621999740600586,-0.0004896185710094869,28.9258,28.2674,29.5842,0.489,down,up,0.017752
2025-01-02,0.0062116000563794405,29.805999755859375,0.00011934683425351977,29.6255,28.9507,30.3003,0.5027,up,up,0.017775
2025-01-03,0.017982933049925043,30.341999053955078,0.0022590975277125835,29.8733,29.1952,30.5515,0.5506,up,up,0.017753
2025-01-06,0.003460597615807748,30.44700050354004,0.0025770387146621943,30.4202,29.7307,31.1097,0.5578,up,up,0.017732
2025-01-07,0.00016419222530705824,30.45199966430664,2.8341091820038855e-06,30.4471,29.7558,31.1384,0.5001,up,up,0.017717
2025-01-08,0.011132296914532214,30.791000366210938,0.0008693509153090417,30.4785,29.787,31.1699,0.5196,up,up,0.017717
2025-01-09,0.009743081858092362,31.090999603271484,0.00027931679505854845,30.7996,30.1014,31.4978,0.5063,up,up,0.017693
2025-01-10,-0.032163649054718024,30.090999603271484,-0.00043034154805354774,31.0776,30.3726,31.7826,0.4903,down,down,0.017693
2025-01-13,0.0013625458360140286,30.131999969482422,-0.0003805839514825493,30.0795,29.3961,30.763,0.4914,down,up,0.017722
2025-01-14,0.03939334514338211,31.319000244140625,-0.0005901580443605781,30.1142,29.4293,30.7991,0.4867,down,up,0.017736
2025-01-15,0.006513632984201934,31.523000717163086,0.0018950618105009198,31.3784,30.6647,32.092,0.5424,up,up,0.017779
2025-01-16,-0.018145496638224734,30.951000213623047,-0.000542743073310703,31.5059,30.7878,32.224,0.4878,down,down,0.017776
2025-01-17,0.011631307804815583,31.31100082397461,0.003558490425348282,31.0611,30.3564,31.7658,0.5794,up,up,0.017765
2025-01-21,-0.002299527375212773,31.23900032043457,0.0021185167133808136,31.3773,30.6652,32.0895,0.5475,up,down,0.017747
2025-01-22,-0.018118376994636698,30.67300033569336,0.0029052747413516045,31.3298,30.6193,32.0402,0.565,up,down,0.017745
2025-01-23,0.011410699235132826,31.023000717163086,0.0023045078851282597,30.7437,30.0468,31.4406,0.5517,up,up,0.017729
2025-01-24,-0.02478809236060253,30.253999710083008,0.00011149719648528844,31.0265,30.3219,31.731,0.5025,up,down,0.01772
2025-01-27,0.015634282319248793,30.726999282836914,0.002690548775717616,30.3354,29.6477,31.0231,0.5603,up,up,0.017737
2025-01-28,0.016630377154969844,31.238000869750977,0.00122542935423553,30.7647,30.0669,31.4624,0.5276,up,up,0.017718
2025-01-29,0.03604576195608322,32.36399841308594,0.0019244699506089091,31.2981,30.5892,32.007,0.5433,up,up,0.017706
2025-01-30,-0.0072920551417322566,32.12799835205078,0.0017104482976719737,32.4194,31.6833,33.1554,0.5384,up,down,0.017745
2025-01-31,0.008217129995837125,32.391998291015625,0.0011649969965219498,32.1654,31.4356,32.8953,0.5262,up,up,0.017725
2025-02-03,0.015312491461917599,32.88800048828125,-0.0015620585763826966,32.3414,31.605,33.0778,0.4649,down,up,0.017738
2025-02-04,-0.0009426551999955901,32.856998443603516,-0.0010367481736466289,32.8539,32.1071,33.6007,0.4767,down,down,0.017717
2025-02-05,-0.010317341913896771,32.518001556396484,0.0017951062181964517,32.916,32.1705,33.6615,0.5404,up,down,0.017703
2025-02-06,-0.005627728124880105,32.334999084472656,0.002462920034304261,32.5981,31.8598,33.3364,0.5553,up,down,0.017715
2025-02-07,0.0017627712434462595,32.391998291015625,0.0016143906395882368,32.3872,31.6533,33.1211,0.5363,up,up,0.017711
2025-02-10,-0.004970341645774812,32.23099899291992,0.0014361294452100992,32.4385,31.7045,33.1726,0.5324,up,down,0.017682
2025-02-11,0.014396100536822498,32.69499969482422,0.0013904700754210353,32.2758,31.5458,33.0058,0.5314,up,up,0.017672
2025-02-12,-0.0013763012498952953,32.650001525878906,0.0011846948182210326,32.7337,31.9931,33.4744,0.5267,up,down,0.017676
2025-02-13,0.004624721433643675,32.80099868774414,0.00011805444228230044,32.6539,31.9151,33.3926,0.5027,up,up,0.017655
2025-02-14,0.015731309279375605,33.31700134277344,0.0012586816446855664,32.8423,32.0993,33.5852,0.5284,up,up,0.017673
2025-02-18,-0.009724804129953246,32.99300003051758,-0.00013442178897093982,33.3125,32.5587,34.0664,0.497,down,down,0.017655
2025-02-19,0.013669572733788549,33.444000244140625,0.001415199600160122,33.0397,32.293,33.7864,0.5319,up,up,0.017658
2025-02-20,-0.0139934966278642,32.97600173950195,1.1984098819084466e-05,33.4444,32.688,34.2008,0.5003,up,down,0.017648
2025-02-21,-0.01216038802187902,32.57500076293945,0.001581401564180851,33.0282,32.2823,33.774,0.5357,up,down,0.017647
2025-02-24,-0.023760557167116336,31.801000595092773,0.0017374573508277535,32.6316,31.8953,33.3679,0.5392,up,down,0.017636
2025-02-25,0.014213318716385093,32.25299835205078,0.0015312300529330969,31.8497,31.1313,32.5681,0.5346,up,up,0.017626
2025-02-26,-0.014014131400259977,31.801000595092773,0.002098678844049573,32.3207,31.5916,33.0497,0.5474,up,down,0.017637
2025-02-27,-0.018301333968456457,31.2189998626709,0.002325546694919467,31.875,31.1564,32.5935,0.5525,up,down,0.01763
2025-02-28,0.026041885911359808,32.03200149536133,0.0024697924964129925,31.2961,30.5908,32.0014,0.5557,up,up,0.017627
2025-03-03,0.002372633930916024,32.108001708984375,0.002458553994074464,32.1108,31.3854,32.8361,0.5553,up,up,0.017669
2025-03-04,0.023358663263996826,32.858001708984375,0.002057385630905628,32.1741,31.4477,32.9004,0.5464,up,up,0.017652
2025-03-05,0.0062389069844550615,33.0629997253418,0.003895541885867715,32.986,32.2439,33.7281,0.5875,up,up,0.017622
2025-03-06,-0.015576305656673561,32.54800033569336,0.002832676051184535,33.1567,32.4104,33.9029,0.5639,up,down,0.017611
2025-03-07,-0.008387575488472354,32.275001525878906,0.004333319142460823,32.689,31.9546,33.4235,0.5972,up,down,0.017608
2025-03-10,0.018992995613364316,32.88800048828125,0.0027995046693831682,32.3654,31.6361,33.0946,0.5631,up,up,0.017631
2025-03-11,0.01812213155369813,33.48400115966797,0.0011254912242293358,32.925,32.1836,33.6664,0.5255,up,up,0.01759
2025-03-12,0.016933386346884127,34.05099868774414,0.0013094341848045588,33.5278,32.7727,34.283,0.5297,up,up,0.017598
2025-03-13,0.003994055744479974,34.1870002746582,0.000964379112701863,34.0838,33.3157,34.852,0.5218,up,up,0.017602
2025-03-14,-0.003305319609632651,34.07400131225586,0.002536953426897526,34.2737,33.5023,35.0452,0.5573,up,down,0.017607
2025-03-17,0.014820603215635053,34.57899856567383,0.0025705222506076097,34.1616,33.3928,34.9304,0.558,up,up,0.017605
2025-03-18,-0.017467252280472856,33.974998474121094,0.0008879969827830791,34.6097,33.8297,35.3898,0.5201,up,down,0.017602
2025-03-19,-0.005562889904744295,33.7859992980957,0.002858372638002038,34.0721,33.3059,34.8384,0.5645,up,down,0.017598
2025-03-20,-0.014680589382369269,33.290000915527344,0.001077486900612712,33.8224,33.0607,34.5841,0.5244,up,down,0.017591
2025-03-21,-0.0007510220844495485,33.26499938964844,0.0006019218126311898,33.31,32.56,34.0601,0.5137,up,down,0.01758
2025-03-24,0.02215540433612917,34.00199890136719,0.0011232893448323011,33.3024,32.5525,34.0523,0.5255,up,up,0.01759
2025-03-25,0.0009117712393222899,34.03300094604492,0.0008949012262746692,34.0324,33.2677,34.7971,0.5203,up,up,0.017548
2025-03-26,0.025387076927353425,34.89699935913086,0.0003461688756942749,34.0448,33.2797,34.8099,0.5079,up,up,0.017542
2025-03-27,-0.007249859778691414,34.64400100708008,-0.00020447946735657752,34.8899,34.1056,35.6741,0.4953,down,down,0.017536
2025-03-28,-0.005397767845001122,34.457000732421875,0.0007710944046266377,34.6707,33.8921,35.4493,0.5175,up,down,0.017536
2025-03-31,-0.008677475694964132,34.15800094604492,0.0008950619376264513,34.4878,33.7134,35.2623,0.5204,up,down,0.017537
2025-04-01,0.009983008192139708,34.499000549316406,0.0022538844496011734,34.235,33.4674,35.0026,0.5511,up,up,0.017535
2025-04-02,-0.07695877110556226,31.8439998626709,0.0019908773247152567,34.5677,33.793,35.3423,0.5452,up,down,0.01752
2025-04-03,-0.08566765018948008,29.115999221801758,0.002327602356672287,31.9181,31.1951,32.6411,0.5523,up,down,0.017716
2025-04-04,0.013532113532447543,29.510000228881836,9.087263606488705e-05,29.1186,28.4477,29.7896,0.502,up,up,0.017981
2025-04-07,0.002778679242197768,29.591999053955078,0.00026563587016426027,29.5178,28.8382,30.1975,0.5059,up,up,0.01797
2025-04-08,0.02470265354279455,30.322999954223633,-0.001185967237688601,29.5569,28.876,30.2378,0.4737,down,up,0.017953
2025-04-09,0.011476422955487786,30.67099952697754,0.0007989270379766822,30.3472,29.6494,31.0451,0.5177,up,up,0.017957
2025-04-10,0.03759251070104619,31.823999404907227,0.00011298533354420215,30.6745,29.9684,31.3806,0.5025,up,up,0.017964
2025-04-11,0.00842130637441274,32.09199905395508,0.002567233983427286,31.9057,31.1714,32.64,0.5567,up,up,0.018005
2025-04-14,0.004206722554225939,32.22700119018555,0.004264601971954107,32.2289,31.4893,32.9684,0.5937,up,up,0.017981
2025-04-15,0.021689808910035024,32.92599868774414,0.0037090894766151905,32.3465,31.6041,33.089,0.5817,up,up,0.017976
2025-04-16,-0.015367810817145333,32.41999816894531,0.0036703802179545164,33.0468,32.2901,33.8036,0.5811,up,down,0.017934
2025-04-17,0.002344238677220112,32.49599838256836,0.0036542480811476707,32.5385,31.7934,33.2835,0.5807,up,up,0.017931
2025-04-21,0.011816922226118187,32.880001068115234,0.0022756382822990417,32.5699,31.8228,33.3171,0.5505,up,up,0.017939
2025-04-22,0.01940390716410101,33.518001556396484,0.0031544396188110113,32.9837,32.2286,33.7389,0.5699,up,up,0.017921
2025-04-23,-0.0010741425837215157,33.481998443603516,0.004605379421263933,33.6724,32.9027,34.442,0.6014,up,down,0.017916
2025-04-24,-0.014724331086388931,32.98899841308594,0.0014310302212834358,33.5299,32.7617,34.2982,0.5319,up,down,0.017904
2025-04-25,3.0412120074041482e-05,32.9900016784668,0.0031547260005027056,33.0931,32.3365,33.8497,0.57,up,up,0.017896
2025-04-28,0.00863897644473699,33.275001525878906,-3.507038491079584e-05,32.9888,32.2318,33.7459,0.4992,down,up,0.017905
2025-04-29,-0.022359226499803597,32.53099822998047,0.001029543112963438,33.3093,32.5459,34.0726,0.5229,up,down,0.017899
2025-04-30,-0.01051302058231629,32.18899917602539,0.0002381448430242017,32.5387,31.7924,33.2851,0.5053,up,down,0.017903
2025-05-01,-0.00621326728728433,31.98900032043457,0.0029048847500234842,32.2825,31.5443,33.0207,0.5645,up,down,0.017895
2025-05-02,0.006752368265854569,32.20500183105469,0.0023508777376264334,32.0642,31.3305,32.7979,0.5523,up,up,0.017897
2025-05-05,0.028194289076925116,33.112998962402344,-0.0005370580474846065,32.1877,31.4497,32.9257,0.488,down,up,0.01788
2025-05-06,-0.017576201209763553,32.53099822998047,-0.00025318487314507365,33.1046,32.3447,33.8645,0.4944,down,down,0.017906
2025-05-07,-0.004703202676045848,32.37799835205078,0.003427049145102501,32.6425,31.8956,33.3894,0.5759,up,down,0.017915
2025-05-08,0.009203791181071619,32.67599868774414,0.0022046586964279413,32.4494,31.7066,33.1922,0.549,up,up,0.017901
2025-05-09,-0.008813753550887204,32.38800048828125,7.602233381476253e-06,32.6762,31.9278,33.4247,0.5002,up,down,0.017873
2025-05-12,0.014820289459054559,32.86800003051758,0.002701827324926853,32.4755,31.7336,33.2174,0.5601,up,up,0.017874
2025-05-13,-0.019532624145659483,32.22600173950195,0.0017519575776532292,32.9256,32.1739,33.6773,0.5391,up,down,0.017845
2025-05-14,0.007912779732317743,32.48099899291992,0.00022072772844694555,32.2331,31.4952,32.971,0.5049,up,up,0.017867
2025-05-15,-0.009944215291697311,32.15800094604492,0.0012946405913680792,32.5231,31.7801,33.266,0.5289,up,down,0.017848
2025-05-16,0.004819913388177666,32.3129997253418,0.0008579343557357788,32.1856,31.4499,32.9213,0.5192,up,up,0.01785
2025-05-19,0.020641841443505227,32.97999954223633,0.0010917860781773925,32.3483,31.6096,33.0869,0.5244,up,up,0.017837
2025-05-20,0.014645291561202534,33.4630012512207,-0.0013018192257732153,32.9371,32.1836,33.6905,0.4709,down,up,0.017826
2025-05-21,-0.012431651395756416,33.047000885009766,4.008009273093194e-05,33.4643,32.6995,34.2292,0.5009,up,down,0.017834
2025-05-22,0.011952686996865802,33.44200134277344,3.4423610486555845e-05,33.0481,32.2927,33.8035,0.5008,up,up,0.017836
2025-05-23,-0.008851187800999694,33.145999908447266,9.806137677514926e-05,33.4453,32.6814,34.2092,0.5022,up,down,0.017824
2025-05-27,-0.004404751971596399,33.0,0.004034032579511404,33.2797,32.5231,34.0363,0.5896,up,down,0.01781
2025-05-28,0.00857578624378541,33.28300094604492,0.0016171574825420976,33.0534,32.3001,33.8067,0.5362,up,up,0.017811
2025-05-29,-0.01174781852343032,32.891998291015625,-0.0006314163329079747,33.262,32.5031,34.0209,0.4858,down,down,0.017792
2025-05-30,0.05080267302526886,34.5629997253418,0.0011296714656054974,32.9292,32.1795,33.6789,0.5253,up,up,0.017785
2025-06-02,-0.0017360001668784708,34.50299835205078,0.0009785548318177462,34.5968,33.8062,35.3874,0.5219,up,down,0.017848
2025-06-03,0.00046380476461815867,34.51900100708008,0.002826444339007139,34.6005,33.8116,35.3895,0.5629,up,up,0.017842
2025-06-04,0.033894322976071534,35.68899917602539,0.0008774045272730291,34.5493,33.7597,35.3389,0.5196,up,up,0.017848
2025-06-05,0.009414731643111685,36.025001525878906,0.0007412155973725021,35.7155,34.8995,36.5314,0.5166,up,up,0.017839
2025-06-06,0.01840383543041968,36.6879997253418,0.0024802631232887506,36.1144,35.2905,36.9382,0.5553,up,up,0.017844
2025-06-09,-0.0039795003690653585,36.54199981689453,0.00229285447858274,36.7721,35.9349,37.6094,0.5512,up,down,0.017807
2025-06-10,-0.010289514875148065,36.16600036621094,0.0035654588136821985,36.6723,35.8382,37.5063,0.5793,up,down,0.017809
2025-06-11,0.0012995875831953718,36.2130012512207,0.00023738210438750684,36.1746,35.3481,37.0011,0.5053,up,up,0.017832
2025-06-12,0.0018776952036658745,36.28099822998047,0.000369319663150236,36.2264,35.3997,37.053,0.5083,up,up,0.017812
2025-06-13,0.002701231835737783,36.37900161743164,7.105485565261915e-05,36.2836,35.4565,37.1106,0.5016,up,up,0.017787
2025-06-16,0.019544201422382113,37.09000015258789,0.001827714266255498,36.4455,35.6171,37.2739,0.541,up,up,0.017768
2025-06-17,-0.006039337355512764,36.86600112915039,-0.0006607327377423644,37.0655,36.2219,37.909,0.4851,down,down,0.017746
2025-06-18,-0.02414146808411788,35.97600173950195,0.0014776730677112937,36.9205,36.0817,37.7592,0.5332,up,down,0.017752
2025-06-20,0.00491989464836462,36.15299987792969,0.0001311053056269884,35.9807,35.1612,36.8002,0.5029,up,up,0.017774
2025-06-23,-0.012502411026272031,35.70100021362305,0.0014006077544763684,36.2036,35.3808,37.0264,0.5314,up,down,0.017758
2025-06-24,0.010755969540121812,36.084999084472656,0.002433998044580221,35.7879,34.975,36.6008,0.5545,up,up,0.017767
2025-06-25,0.013883870400295262,36.58599853515625,0.0022914090659469366,36.1677,35.3466,36.9888,0.5513,up,up,0.017755
2025-06-26,-0.015005734662384751,36.0369987487793,0.0018433475634083152,36.6534,35.821,37.4859,0.5413,up,down,0.017754
2025-06-27,-0.005133545106888682,35.85200119018555,0.0036378277000039816,36.1681,35.3482,36.988,0.5812,up,down,0.017752
2025-06-30,0.006415249765731046,36.082000732421875,0.0024677582550793886,35.9405,35.125,36.756,0.5553,up,up,0.017749
2025-07-01,0.009533782726553808,36.42599868774414,0.0015697493217885494,36.1386,35.3186,36.9587,0.5353,up,up,0.017734
2025-07-02,0.009828192002456326,36.784000396728516,0.001484682783484459,36.4801,35.6516,37.3085,0.5333,up,up,0.017746
2025-07-03,-0.00024464089692677327,36.775001525878906,5.1554561650846153e-05,36.7859,35.9501,37.6217,0.5012,up,down,0.017729
2025-07-04,-0.0043507774513487085,36.6150016784668,0.0002552944060880691,36.7844,35.9498,37.619,0.5058,up,down,0.017709
2025-07-07,-0.003905545537106536,36.47200012207031,0.0021330800373107195,36.6931,35.8633,37.523,0.548,up,down,0.017684
2025-07-08,-0.003317569153415856,36.35100173950195,0.0022168729919940233,36.5529,35.7267,37.3791,0.5499,up,down,0.017676
2025-07-09,0.018898969136643906,37.03799819946289,0.0027737452182918787,36.4518,35.6282,37.2754,0.5623,up,up,0.017678
2025-07-10,0.04422486548706095,38.67599868774414,0.00211322377435863,37.1163,36.2772,37.9553,0.5476,up,up,0.017676
2025-07-11,-0.005533066875267112,38.46200180053711,0.0007188618765212595,38.7038,37.8262,39.5814,0.5162,up,down,0.017704
2025-07-14,-0.016327859636761755,37.83399963378906,0.0009727207943797112,38.4994,37.6261,39.3728,0.5219,up,down,0.017718
2025-07-15,0.0005022204171907241,37.85300064086914,-0.0018180371262133121,37.7652,36.906,38.6244,0.4591,down,up,0.01772
2025-07-16,0.005362827558010208,38.055999755859375,0.00014176950207911432,37.8584,36.9991,38.7176,0.5032,up,up,0.017711
2025-07-17,0.004388265134693148,38.222999572753906,-0.0015961476601660252,37.9953,37.1321,38.8584,0.4641,down,up,0.017698
2025-07-18,0.022970519754130114,39.10100173950195,-0.0011322209611535072,38.1797,37.3129,39.0465,0.4745,down,up,0.017695
2025-07-21,0.005600827231518668,39.31999969482422,-0.0018283267272636294,39.0295,38.1426,39.9165,0.4589,down,up,0.017699
2025-07-22,-0.0010681540493516772,39.27799987792969,0.0005164251197129488,39.3403,38.4485,40.2321,0.5116,up,down,0.017697
2025-07-23,-0.006543102252689503,39.020999908447266,0.002662443555891514,39.3826,38.4922,40.273,0.5598,up,down,0.017688
2025-07-24,-0.02188565371354978,38.16699981689453,0.0009018630371429026,39.0562,38.1721,39.9403,0.5203,up,down,0.01768
2025-07-25,-0.0036942605132305184,38.0260009765625,0.0017914535710588098,38.2354,37.37,39.1008,0.5403,up,down,0.017692
2025-07-28,0.0015252368310385567,38.08399963378906,-0.0007728040800429881,37.9966,37.1349,38.8583,0.4826,down,up,0.017681
2025-07-29,-0.013601453279073139,37.566001892089844,-0.0013280969578772783,38.0334,37.1712,38.8956,0.47,down,down,0.017665
2025-07-30,-0.026992591774202768,36.551998138427734,1.0680523701012135e-06,37.566,36.7165,38.4156,0.5,up,down,0.017646
2025-07-31,0.006429213786386834,36.7869987487793,0.0008413305040448904,36.5828,35.756,37.4095,0.519,up,up,0.017649
2025-08-01,0.01100939483429797,37.19200134277344,0.0017704018391668797,36.8521,36.0206,37.6836,0.54,up,up,0.017637
2025-08-04,0.013309284631463969,37.6870002746582,0.0019414523849263787,37.2642,36.423,38.1054,0.5438,up,up,0.017648
2025-08-05,0.0020961754742510053,37.76599884033203,0.002189293736591935,37.7695,36.9172,38.6218,0.5494,up,up,0.017645
2025-08-06,0.010379762689984862,38.15800094604492,0.0032644057646393776,37.8893,37.036,38.7426,0.5734,up,up,0.01763
2025-08-07,0.00678753772284435,38.41699981689453,0.002634193515405059,38.2585,37.3969,39.1202,0.5594,up,up,0.01762
2025-08-08,-0.019652785790503335,37.6619987487793,0.002245923038572073,38.5033,37.6368,39.3697,0.5508,up,down,0.017598
2025-08-11,0.006292802283267784,37.89899826049805,0.0011954974615946412,37.707,36.8569,38.5571,0.5271,up,up,0.017613
2025-08-12,0.015831613402925715,38.499000549316406,0.0031201818492263556,38.0173,37.1626,38.8719,0.5704,up,up,0.017597
2025-08-13,-0.013428974735347321,37.981998443603516,0.0023774350993335247,38.5905,37.7216,39.4594,0.5537,up,down,0.017611
2025-08-14,-0.0023168195495057997,37.89400100708008,0.001576182316057384,38.0419,37.1858,38.8979,0.5357,up,down,0.017586
2025-08-15,0.0015041749360886758,37.95100021362305,0.001328506856225431,37.9443,37.0907,38.7979,0.5301,up,up,0.017576
2025-08-18,-0.018181302806909994,37.26100158691406,0.0022253969218581915,38.0355,37.1807,38.8902,0.5504,up,down,0.017574
2025-08-19,0.011915950329594915,37.70500183105469,0.00092081178445369,37.2953,36.4556,38.135,0.5209,up,up,0.017585
2025-08-20,0.008539943788736348,38.027000427246094,-0.0008262135670520365,37.6738,36.8242,38.5235,0.4813,down,up,0.017583
2025-08-21,0.02566591931624962,39.00299835205078,-0.0011461173417046666,37.9834,37.1274,38.8394,0.474,down,up,0.017564
2025-08-22,-0.00835833724065227,38.676998138427734,-7.844375795684755e-05,38.9999,38.1211,39.8788,0.4982,down,down,0.017582
2025-08-25,-0.0024561731928072206,38.582000732421875,-0.0005714180297218263,38.6549,37.7838,39.526,0.487,down,down,0.017574
2025-08-26,0.0027732735880023895,38.68899917602539,-0.0004943639505654573,38.5629,37.6956,39.4302,0.4888,down,up,0.01754
2025-08-27,0.012949403224522982,39.189998626708984,-0.0016940877540037036,38.6235,37.7531,39.4938,0.4616,down,up,0.017552
2025-08-28,0.025771935994458817,40.20000076293945,-0.0007193128112703562,39.1618,38.2805,40.0432,0.4837,down,up,0.017548
2025-08-29,0.02166662602084668,41.07099914550781,-0.0008009450975805521,40.1678,39.2624,41.0732,0.4818,down,up,0.017573
2025-09-02,0.01146796233804892,41.54199981689453,-0.000428172352258116,41.0534,40.1274,41.9794,0.4903,down,up,0.017592
2025-09-03,-0.015189459380388515,40.9109992980957,-0.00033728533890098333,41.528,40.5912,42.4648,0.4924,down,down,0.017595
2025-09-04,0.003984307813467369,41.07400131225586,0.0014705468202009797,40.9712,40.0489,41.8934,0.5333,up,up,0.01759
2025-09-05,0.008569834061510129,41.42599868774414,0.0003967426309827715,41.0903,40.1648,42.0158,0.509,up,up,0.017581
2025-09-08,-0.013228415802935989,40.87799835205078,1.9222061382606626e-06,41.4261,40.4932,42.3589,0.5,up,down,0.01757
2025-09-09,0.006238100650602041,41.132999420166016,0.0007983673713169992,40.9106,39.9908,41.8305,0.5181,up,up,0.017558
2025-09-10,0.01371159856990345,41.696998596191406,0.0009828227339312434,41.1734,40.2485,42.0983,0.5223,up,up,0.017545
2025-09-11,0.016548012198395412,42.387001037597656,0.0011795988539233804,41.7462,40.8082,42.6842,0.5268,up,up,0.017553
2025-09-12,0.003066913210082012,42.516998291015625,-0.00021988061780575663,42.3777,41.4249,43.3305,0.495,down,up,0.017539
2025-09-15,-0.0010818642302560244,42.47100067138672,-0.0005473360070027411,42.4937,41.5389,43.4486,0.4875,down,down,0.017524
2025-09-16,-0.01763557574524066,41.72200012207031,0.0007876065792515874,42.5045,41.5514,43.4575,0.5179,up,down,0.01751
2025-09-17,-0.000359507923986202,41.707000732421875,-0.00022159796208143234,41.7128,40.7763,42.6492,0.495,down,down,0.017514
2025-09-18,0.019876724557404746,42.5359992980957,0.0003088529338128865,41.7199,40.7846,42.6552,0.507,up,up,0.017498
2025-09-19,0.02969250773750587,43.79899978637695,-0.0021168598905205727,42.446,41.4919,43.4,0.4519,down,up,0.0175
2025-09-22,0.008972843177088352,44.19200134277344,0.00014322687638923526,43.8053,42.8212,44.7893,0.5033,up,up,0.017531
2025-09-23,-0.009390860402732293,43.777000427246094,0.0001550968736410141,44.1989,43.2054,45.1923,0.5035,up,down,0.01754
2025-09-24,0.02101555976806302,44.696998596191406,0.0009275234187953174,43.8176,42.8334,44.8018,0.5211,up,up,0.017542
2025-09-25,0.03409629556927718,46.22100067138672,-4.124135011807084e-05,44.6952,43.6917,45.6986,0.4991,down,up,0.017517
2025-09-26,0.00845933308782909,46.61199951171875,0.0015031254151836038,46.2905,45.2501,47.3308,0.5341,up,up,0.017563
2025-09-29,-0.007701904304227791,46.25299835205078,0.00045237786252982914,46.6331,45.5841,47.6821,0.5103,up,down,0.01756
2025-09-30,0.022420223562232833,47.290000915527344,0.00044364779023453593,46.2735,45.2339,47.3131,0.5101,up,up,0.017538
2025-10-01,-0.027278513228021106,46.0,0.000462606200017035,47.3119,46.2482,48.3756,0.5105,up,down,0.017551
2025-10-02,0.03471739395805029,47.59700012207031,0.00028593698516488075,46.0132,44.9777,47.0486,0.5065,up,up,0.017563
2025-10-03,0.010189730636546379,48.082000732421875,0.0008063889690674841,47.6354,46.5628,48.708,0.5183,up,up,0.017584
2025-10-06,-0.01878041396311514,47.17900085449219,-0.0005906352889724076,48.0536,46.9704,49.1368,0.4866,down,down,0.017577
2025-10-07,0.03130624533663995,48.65599822998047,1.9039856852032244e-05,47.1799,46.1155,48.2443,0.5004,up,up,0.017603
2025-10-08,-0.0371177207653417,46.849998474121094,-0.000494684383738786,48.6319,47.5354,49.7284,0.4888,down,down,0.017584
2025-10-09,0.0018783618801889723,46.9379997253418,0.002741031814366579,46.9784,45.9214,48.0354,0.5619,up,up,0.017604
2025-10-10,0.06800463082047514,50.130001068115234,-0.0011890155728906393,46.8822,45.8243,47.94,0.473,down,up,0.017585
2025-10-13,0.003670418990419533,50.31399917602539,0.0018327453872188926,50.2219,49.0837,51.3601,0.5412,up,up,0.017716
2025-10-14,0.015085318161481842,51.073001861572266,0.0003669275902211666,50.3325,49.1918,51.4731,0.5083,up,up,0.017689
2025-10-15,0.03818058224827747,53.02299880981445,-0.0003488027141429484,51.0552,49.8967,52.2137,0.4921,down,up,0.017699
2025-10-16,-0.059577927835793965,49.86399841308594,0.0005431990139186382,53.0518,51.8459,54.2577,0.5122,up,down,0.017746
2025-10-17,0.025168480427872897,51.11899948120117,0.00232251500710845,49.9798,48.8408,51.1188,0.5518,up,up,0.017823
2025-10-20,-0.07177368014823882,47.45000076293945,0.000522348505910486,51.1457,49.9771,52.3143,0.5117,up,down,0.017837
2025-10-21,0.00023177601770218992,47.46099853515625,0.001986937364563346,47.5443,46.4526,48.636,0.5441,up,up,0.017952
2025-10-22,0.02151239838940544,48.481998443603516,0.0025095255114138126,47.5801,46.4889,48.6713,0.5556,up,up,0.01794
2025-10-23,-0.0021657428655393884,48.37699890136719,-0.00045701683848164976,48.4598,47.3456,49.5741,0.4898,down,down,0.017932
2025-10-24,-0.03751780118501091,46.5620002746582,0.002397964708507061,48.493,47.3817,49.6043,0.5532,up,down,0.017924
2025-10-27,0.012091399038288708,47.125,0.001702654641121626,46.6413,45.5681,47.7145,0.5377,up,up,0.017984
2025-10-28,0.012647229101044433,47.72100067138672,0.0029832280706614256,47.2656,46.1806,48.3505,0.5659,up,up,0.017964
2025-10-29,0.01481529562404571,48.428001403808594,0.0004958820645697415,47.7447,46.6462,48.8432,0.511,up,up,0.017961
2025-10-30,-0.008961797101403657,47.99399948120117,0.00041809375397861004,48.4482,47.3337,49.5628,0.5093,up,down,0.017958
2025-10-31,-0.0022085884499257746,47.88800048828125,0.0012190670240670443,48.0525,46.9485,49.1566,0.5271,up,down,0.017949
2025-11-03,-0.01582858779730234,47.130001068115234,0.00047508301213383675,47.9108,46.8104,49.0111,0.5106,up,down,0.017929
2025-11-04,0.015552681469871654,47.862998962402344,0.0008919425308704376,47.172,46.0884,48.2556,0.5198,up,up,0.01794
2025-11-05,-0.0014416197404351072,47.79399871826172,-9.296322241425514e-05,47.8585,46.7597,48.9574,0.4979,down,down,0.017913
2025-11-06,0.004665848824837893,48.016998291015625,0.0008247646619565785,47.8334,46.7365,48.9304,0.5184,up,up,0.017909
2025-11-07,0.044984066565782355,50.176998138427734,3.342406853334978e-05,48.0186,46.9172,49.12,0.5007,up,up,0.017898
2025-11-10,0.008788925373200085,50.61800003051758,0.0014982204884290695,50.2522,49.0992,51.4052,0.5333,up,up,0.017929
2025-11-11,0.05361730412635879,53.332000732421875,0.0018820457626134157,50.7133,49.5501,51.8764,0.5418,up,up,0.01793
2025-11-12,-0.004837610001928394,53.07400131225586,0.002438868395984173,53.4621,52.2337,54.6904,0.554,up,down,0.017972
2025-11-13,-0.04680259822608024,50.59000015258789,0.002455560490489006,53.2043,51.9807,54.428,0.5543,up,down,0.01799
2025-11-14,0.0006918333130370158,50.625,0.004792529158294201,50.8325,49.664,52.0009,0.6049,up,up,0.018022
2025-11-17,-0.003456775053047867,50.45000076293945,-0.0005105476593598723,50.5992,49.4299,51.7684,0.4887,down,down,0.018021
2025-11-18,0.00673934880963678,50.790000915527344,-1.374389830743894e-05,50.4493,49.2849,51.6137,0.4997,down,up,0.018008
2025-11-19,-0.010691066308134656,50.24700164794922,0.0011021511163562536,50.846,49.6756,52.0163,0.5244,up,down,0.01798
2025-11-20,-0.0074432411298250845,49.87300109863281,0.0009456358384341002,50.2945,49.1364,51.4526,0.521,up,down,0.017984
2025-11-21,0.00846143326081239,50.29499816894531,0.0016698053805157542,49.9563,48.8071,51.1055,0.537,up,up,0.017979
2025-11-24,0.012705039511451854,50.933998107910156,-0.0002312691940460354,50.2834,49.1253,51.4414,0.4949,down,up,0.017966
2025-11-25,0.03891314901495968,52.91600036621094,-5.182637687539682e-05,50.9314,49.7597,52.103,0.4988,down,up,0.017949
2025-11-26,0.06670947832162555,56.44599914550781,0.002264620503410697,53.0358,51.8163,54.2553,0.5501,up,up,0.017982
2025-11-28,0.034936047761097155,58.417999267578125,0.0015717381611466408,56.5347,55.226,57.8435,0.5346,up,up,0.018091
2025-12-01,-0.00744629333506075,57.983001708984375,7.66219018260017e-05,58.4225,57.0663,59.7786,0.5017,up,down,0.018114
2025-12-02,-0.0010692836319405874,57.92100143432617,0.0010917674517259002,58.0463,56.7008,59.3918,0.524,up,down,0.018107
2025-12-03,-0.018542519736534868,56.84700012207031,0.0007539542857557535,57.9647,56.6204,59.3089,0.5166,up,down,0.018108
2025-12-04,0.0277059609048389,58.422000885009766,-0.0008561480208300054,56.7983,55.4789,58.1177,0.4811,down,up,0.01811
2025-12-05,-0.011006154302419136,57.77899932861328,-0.0008275492582470179,58.3737,57.0171,59.7302,0.4818,down,down,0.018118
2025-12-08,0.041364499514010555,60.16899871826172,-0.0006756667280569673,57.74,56.4,59.0799,0.4851,down,up,0.018095
2025-12-09,0.0034902176144437913,60.37900161743164,-0.001270249835215509,60.0926,58.6929,61.4923,0.4721,down,up,0.018152
2025-12-10,0.05879526229257248,63.92900085449219,0.00013994320761412382,60.3875,58.9841,61.7908,0.5031,up,up,0.018135
2025-12-11,-0.04015394122326654,61.36199951171875,0.0025181344244629145,64.09,62.5968,65.5831,0.5549,up,down,0.018224
2025-12-12,0.025716227103858902,62.939998626708984,0.0014925467548891902,61.4536,60.0179,62.8893,0.5326,up,up,0.018257
2025-12-15,-0.0038131215285359676,62.70000076293945,0.0021877617109566927,63.0777,61.6043,64.551,0.5477,up,down,0.018265
2025-12-16,0.056411462611495544,66.23699951171875,0.003182891523465514,62.8996,61.4331,64.3661,0.5692,up,up,0.01825
2025-12-17,-0.024835011476861513,64.59200286865234,0.00237549957819283,66.3943,64.8415,67.9472,0.5517,up,down,0.018292
2025-12-18,0.03488045349255153,66.84500122070312,0.002827080897986889,64.7746,63.2593,66.2899,0.5614,up,up,0.018305
2025-12-19,0.01587249592193496,67.90599822998047,0.002656468888744712,67.0226,65.4541,68.591,0.5577,up,up,0.018308
2025-12-22,0.03797900697426848,70.48500061035156,0.0013237269595265388,67.9959,66.4036,69.5882,0.5288,up,up,0.018296
2025-12-23,0.007746295167779582,71.03099822998047,0.0016778043936938047,70.6033,68.948,72.2585,0.5365,up,up,0.018323
2025-12-24,0.07679748232444616,76.48600006103516,0.005608916282653809,71.4294,69.7627,73.0961,0.6203,up,up,0.018309
2025-12-26,-0.08668249415745743,69.85600280761719,0.0031863367184996605,76.7297,74.9275,78.5319,0.5688,up,down,0.018385
2025-12-29,0.1076213559256134,77.3740005493164,0.006282194051891565,70.2949,68.6311,71.9586,0.6323,up,up,0.018583
2025-12-30,-0.09357145568755909,70.13400268554688,0.0019611886236816645,77.5257,75.6645,79.387,0.5416,up,down,0.018769
2025-12-31,0.0060170110667228105,70.55599975585938,0.0049820817075669765,70.4834,68.7755,72.1913,0.6034,up,up,0.019001
2026-01-02,0.07948298838354506,76.16400146484375,0.003789064008742571,70.8233,69.1061,72.5406,0.5791,up,up,0.018991
2026-01-05,0.057323633612769376,80.52999877929688,0.0008053367491811514,76.2253,74.3649,78.0858,0.5169,up,up,0.019059
2026-01-06,-0.04215816086587609,77.13500213623047,-0.0007162666297517717,80.4723,78.4999,82.4447,0.4851,down,down,0.019111
2026-01-07,-0.03136058405740949,74.71600341796875,0.005762075074017048,77.5795,75.687,79.4719,0.6183,up,down,0.019144
2026-01-08,0.05578455855383391,78.88400268554688,0.005857279058545828,75.1536,73.3182,76.9891,0.62,up,up,0.019168
2026-01-09,0.07258756819972834,84.61000061035156,-0.0006893307436257601,78.8296,76.887,80.7723,0.4857,down,up,0.019216
2026-01-12,0.014974568985650416,85.87699890136719,6.420868157874793e-05,84.6154,82.5222,86.7087,0.5013,up,up,0.019304
2026-01-13,0.05812970246276006,90.86900329589844,0.005167303141206503,86.3208,84.1945,88.447,0.6054,up,up,0.019319
2026-01-14,0.011081844394243534,91.8759994506836,0.004509033635258675,91.2787,89.0264,93.5311,0.5922,up,up,0.019341
2026-01-15,-0.04119678757613432,88.09100341796875,0.008920895867049694,92.6956,90.4182,94.973,0.6777,up,down,0.019341
2026-01-16,0.06941682608331146,94.20600128173828,0.0031921612098813057,88.3722,86.1802,90.5642,0.5653,up,up,0.019416
2026-01-20,-0.02118763316676886,92.20999908447266,0.0002147881459677592,94.2262,91.8757,96.5768,0.5044,up,down,0.019469
2026-01-21,0.04084154514394944,95.97599792480469,0.003935865592211485,92.5729,90.2734,94.8725,0.5801,up,up,0.019459
2026-01-22,0.05156502911103433,100.92500305175781,0.0025702265556901693,96.2227,93.8317,98.6136,0.5526,up,up,0.019438
2026-01-23,0.14025264653237324,115.08000183105469,0.002518989844247699,101.1792,98.6581,103.7003,0.5514,up,up,0.019491
2026-01-26,-0.08304656807855548,105.52300262451172,0.005547016859054565,115.7184,112.794,118.6427,0.6102,up,down,0.019828
2026-01-27,0.07190846780132132,113.11100006103516,0.010682930238544941,106.6503,103.9476,109.353,0.7035,up,up,0.019984
2026-01-28,0.008186670632756687,114.03700256347656,0.004600429907441139,113.6314,110.732,116.5307,0.591,up,up,0.020001
2026-01-29,-0.31346844308759625,78.29000091552734,0.005486988462507725,114.6627,111.7391,117.5863,0.6081,up,down,0.020004
2026-01-30,-0.019312824369858705,76.77799987792969,0.0105573246255517,79.1165,76.928,81.3051,0.6858,up,down,0.021812
2026-02-02,0.08158587028737463,83.04199981689453,0.01253932248800993,77.7407,75.5963,79.8852,0.7175,up,up,0.021794
2026-02-03,0.01352329063737634,84.16500091552734,0.012722432613372803,84.0985,81.7766,86.4204,0.7201,up,up,0.021817
2026-02-04,-0.09072656690847036,76.52899932861328,0.014723740518093109,85.4042,83.0526,87.7559,0.7503,up,down,0.021801
2026-02-05,0.0026918068123917838,76.73500061035156,0.006022297777235508,76.9899,74.8298,79.15,0.6077,up,up,0.022024
2026-02-06,0.0694598525921648,82.06500244140625,0.012434973381459713,77.6892,75.5262,79.8522,0.7141,up,up,0.021995
2026-02-09,-0.022506550504145295,80.21800231933594,0.014719698578119278,83.273,80.9575,85.5884,0.7481,up,down,0.022015
2026-02-10,0.04407982474210925,83.75399780273438,0.011356174945831299,81.129,78.8624,83.3956,0.6968,up,up,0.022047
2026-02-11,-0.09800129424792059,75.5459976196289,0.016222896054387093,85.1127,82.7463,87.4792,0.7691,up,down,0.022046
2026-02-12,0.030511216713046352,77.85099792480469,0.007797109894454479,76.135,73.9761,78.294,0.6367,up,up,0.022299
2026-02-13,-0.05656959378821391,73.4469985961914,0.009302579797804356,78.5752,76.3501,80.8003,0.6617,up,down,0.022301
2026-02-17,0.055305242787226705,77.50900268554688,0.012858928181231022,74.3914,72.2858,76.4971,0.7173,up,up,0.02237
2026-02-18,0.0007224935674448041,77.56500244140625,0.003675958374515176,77.7939,75.5717,80.0161,0.5653,up,up,0.022371
2026-02-19,0.06082633328743148,82.28299713134766,0.004843669943511486,77.9407,75.7186,80.1628,0.5858,up,up,0.022353
2026-02-20,0.051529546090740785,86.52300262451172,0.008875236846506596,83.0133,80.6519,85.3747,0.6541,up,up,0.022393
2026-02-23,0.010794795367464083,87.45700073242188,0.004461797885596752,86.9091,84.4296,89.3885,0.5791,up,up,0.02236
2026-02-24,0.03981387686680571,90.93900299072266,0.0007905617239885032,87.5261,85.0159,90.0364,0.5141,up,up,0.022396
2026-02-25,-0.0433367615927337,86.99800109863281,-0.002571794670075178,90.7051,88.0979,93.3123,0.4542,down,down,0.02237
2026-02-26,0.06533481270984609,92.68199920654297,0.009344693273305893,87.811,85.3215,90.3004,0.6622,up,up,0.022328
2026-02-27,-0.04745260851258415,88.28399658203125,-0.012211877852678299,91.5502,88.8941,94.2062,0.2925,down,down,0.022361
2026-03-02,-0.06072448312932743,82.9229965209961,0.015559584833681583,89.6577,87.1242,92.1911,0.7564,up,down,0.022391
2026-03-03,-0.003497139494463175,82.63300323486328,0.010571547783911228,83.7996,81.4138,86.1854,0.6811,up,down,0.02245
2026-03-04,-0.01144829230293809,81.68699645996094,0.013644114136695862,83.7605,81.3841,86.1368,0.7284,up,down,0.022439
2026-03-05,0.026062966254028375,83.81600189208984,0.009598031640052795,82.471,80.1212,84.8209,0.6655,up,up,0.022446
2026-03-06,0.00257702328550935,84.03199768066406,-0.002461679046973586,83.6097,81.1974,86.022,0.4564,down,up,0.022457
2026-03-09,0.060108085513283616,89.08300018310547,0.01178052369505167,85.0219,82.6022,87.4416,0.7,up,up,0.022468
2026-03-10,-0.045103978687745516,85.06500244140625,0.005224187392741442,89.5484,86.9868,92.11,0.5921,up,down,0.022437
2026-03-11,-0.004643557998285197,84.66999816894531,0.009072679094970226,85.8368,83.3854,88.2882,0.6567,up,down,0.022486
2026-03-12,-0.04436042028260212,80.91400146484375,0.010484780184924603,85.5577,83.1155,88.0,0.6793,up,down,0.022506
2026-03-13,-0.008045591180475098,80.26300048828125,0.0071732341311872005,81.4944,79.1564,83.8324,0.6248,up,down,0.022546
2026-03-16,-0.00913249821867046,79.52999877929688,0.011395650915801525,81.1776,78.86,83.4953,0.6935,up,down,0.022531
2026-03-17,-0.028819311606618325,77.23799896240234,0.006908298470079899,80.0794,77.7808,82.378,0.6203,up,down,0.022552
2026-03-18,-0.08203214247226243,70.9020004272461,0.0010576938511803746,77.3197,75.0882,79.5511,0.5187,up,down,0.022543
2026-03-19,-0.021748325965454396,69.36000061035156,0.003451619064435363,71.1467,69.0835,73.2099,0.5604,up,down,0.022706
2026-03-20,-0.004483809206179967,69.04900360107422,0.001532538328319788,69.4663,67.4507,71.4819,0.5269,up,down,0.022675
2026-03-23,0.0032585332501104958,69.27400207519531,0.009064774960279465,69.6749,67.6692,71.6807,0.6554,up,up,0.022666
2026-03-24,0.044562142988201936,72.36100006103516,0.001882647629827261,69.4044,67.3886,71.4202,0.533,up,up,0.022705
2026-03-25,-0.06481395278465363,67.6709976196289,0.0024819846730679274,72.5406,70.4363,74.6449,0.5436,up,down,0.022691
2026-03-26,0.02769281694131287,69.54499816894531,0.0063911317847669125,68.1035,66.13,70.077,0.6106,up,up,0.022756
2026-03-27,0.01120137104211083,70.3239974975586,-0.0027364150155335665,69.3547,67.3267,71.3827,0.4521,down,up,0.022754
2026-03-30,0.06208414053821709,74.69000244140625,0.0008697874727658927,70.3852,68.3381,72.4322,0.5153,up,up,0.022713
2026-03-31,0.015758391822972673,75.86699676513672,0.005378718487918377,75.0917,72.9132,77.2703,0.5934,up,up,0.022759
2026-04-01,-0.041282722241938075,72.73500061035156,0.005075221881270409,76.252,74.038,78.4661,0.5882,up,down,0.022771
2026-04-02,-0.0010173574886594983,72.66100311279297,0.014696648344397545,73.804,71.6861,75.9218,0.7411,up,down,0.02272
2026-04-06,-0.01149181373908359,71.82599639892578,0.005619642324745655,73.0693,70.9533,75.1853,0.5977,up,down,0.022723
2026-04-07,0.047308812893301466,75.2239990234375,0.0030746939592063427,72.0468,69.9572,74.1364,0.5539,up,up,0.0227
2026-04-08,0.013998210909798914,76.2770004272461,0.007169568445533514,75.7633,73.5721,77.9546,0.6238,up,up,0.022729
2026-04-09,0.000616136843992976,76.3239974975586,0.005966388154774904,76.7321,74.515,78.9492,0.6038,up,up,0.022679
2026-04-10,-0.01049466615100314,75.52300262451172,0.009790374897420406,77.0712,74.8498,79.2927,0.6668,up,down,0.022711
2026-04-13,0.05121613391156288,79.39099884033203,0.010938557796180248,76.3491,74.1471,78.5511,0.6847,up,up,0.02275
2026-04-14,0.0012595694169588167,79.49099731445312,0.005847979802638292,79.8553,77.5434,82.1671,0.6016,up,up,0.022721
2026-04-15,-0.011133267121244517,78.60600280761719,0.009527444839477539,80.2483,77.9323,82.5644,0.6624,up,down,0.022734
2026-04-16,0.039844236354957596,81.73799896240234,0.009190933778882027,79.3285,77.0451,81.6118,0.6574,up,up,0.022665
2026-04-17,-0.021862568036422614,79.95099639892578,0.004943988751620054,82.1421,79.7671,84.5171,0.5863,up,down,0.022672
2026-04-20,-0.04427703775534653,76.41100311279297,0.013413937762379646,81.0235,78.6995,83.3474,0.7229,up,down,0.022681
2026-04-21,0.019395042186772793,77.89299774169922,0.0067677791230380535,76.9281,74.7033,79.1529,0.6171,up,up,0.022719
2026-04-22,-0.031170984224539455,75.46499633789062,0.004969161003828049,78.2801,76.0131,80.547,0.5866,up,down,0.022709
2026-04-23,0.012164671589756981,76.38300323486328,0.004938273224979639,75.8377,73.6415,78.0339,0.5861,up,up,0.022708
2026-04-24,-0.018066910495378785,75.00299835205078,0.00164168665651232,76.5084,74.2861,78.7307,0.5288,up,down,0.022702
2026-04-27,-0.023972328580207147,73.20500183105469,0.004619278479367495,75.3495,73.1649,77.534,0.5805,up,down,0.022727
2026-04-28,-0.022348221378228894,71.56900024414062,0.0023628282360732555,73.378,71.2453,75.5106,0.5414,up,down,0.022732
2026-04-29,0.02745597019921342,73.53399658203125,0.000776450673583895,71.6246,69.5366,73.7126,0.5136,up,up,0.022764
2026-04-30,0.03286914800283203,75.95099639892578,7.958165952004492e-05,73.5398,71.3965,75.6832,0.5014,up,up,0.022743
2026-05-01,-0.037905991221138136,73.0719985961914,0.0016088644042611122,76.0732,73.8597,78.2867,0.5282,up,down,0.02274
2026-05-04,0.0004927073774445567,73.10800170898438,0.0017422330565750599,73.1993,71.0684,75.3302,0.5305,up,up,0.022754
2026-05-05,0.050651026067340954,76.81099700927734,0.0034415782429277897,73.3596,71.2305,75.4888,0.5602,up,up,0.022724
2026-05-06,0.03762481288062669,79.70099639892578,0.00495576299726963,77.1917,74.9524,79.4309,0.5862,up,up,0.022747
2026-05-07,0.00870754790400552,80.3949966430664,0.003937132656574249,80.0148,77.687,82.3426,0.5686,up,up,0.02279
2026-05-08,0.06331244704049799,85.48500061035156,0.009207037277519703,81.1352,78.7902,83.4802,0.6571,up,up,0.02276
2026-05-11,-0.0041528145803230165,85.12999725341797,-0.011773497797548771,84.4785,81.9783,86.9788,0.303,down,down,0.022822
2026-05-12,0.0441442893939763,88.88800048828125,-0.008545533753931522,84.4025,81.9075,86.8976,0.3543,down,up,0.022869
2026-05-13,-0.04473042371257829,84.91200256347656,-0.012199457734823227,87.8036,85.2019,90.4054,0.2966,down,down,0.022839
2026-05-14,-0.09128273055260094,77.16100311279297,0.01648004911839962,86.3114,83.8281,88.7946,0.7649,up,down,0.022819
2026-05-15,-0.0011405381263553949,77.072998046875,0.0017108184983953834,77.293,75.0171,79.5689,0.5296,up,down,0.023015
2026-05-18,-0.029128166466576455,74.8280029296875,0.006978298537433147,77.6108,75.3403,79.8813,0.6193,up,down,0.022986
2026-05-19,0.013671285549053724,75.85099792480469,0.004666110500693321,75.1772,72.9681,77.3862,0.5803,up,up,0.023035
2026-05-20,0.0074224935128368585,76.41400146484375,0.0037511871196329594,76.1355,73.8988,78.3722,0.5648,up,up,0.023009
2026-05-21,-0.0068181709262304935,75.89299774169922,0.005482437089085579,76.8329,74.5821,79.0838,0.5943,up,down,0.022983
2026-05-22,0.005428729602680926,76.30500030517578,0.006385718006640673,76.3776,74.1421,78.6132,0.6094,up,up,0.022984
2026-05-26,-0.022357660375011634,74.5989990234375,0.0053525157272815704,76.7134,74.4671,78.9598,0.5921,up,down,0.022971
2026-05-27,0.014021603953429329,75.6449966430664,0.004568456206470728,74.9398,72.7417,77.1379,0.5788,up,up,0.022992
